{
   "n39": [
      21.84777996557403,
      -31.252802325775676
   ],
   "n76": [
      -13.349597690798745,
      10.265076219194786
   ],
   "n77": [
      2.077705110302977,
      29.04327895634095
   ],
   "n78": [
      -7.932453140603238,
      10.621851542567654
   ],
   "n79": [
      16.980513841222297,
      25.269784986644908
   ],
   "n80": [
      12.498551039616688,
      -2.577470529298033
   ],
   "n81": [
      -5.694520484341169,
      1.8314471532330354
   ],
   "n82": [
      2.3540594519352807,
      7.28080778491736
   ],
   "n83": [
      -0.11046861983750474,
      8.017848095640494
   ],
   "n84": [
      6.741750277126017,
      10.232986090222463
   ],
   "n85": [
      -5.544730400734611,
      -1.877198380462327
   ],
   "n86": [
      22.801064067011275,
      20.93337045294752
   ],
   "n87": [
      -7.701174582243505,
      14.410349061154553
   ],
   "n88": [
      5.0530293919995755,
      -0.897525086934127
   ],
   "n89": [
      17.68789575608486,
      4.460086021770996
   ],
   "n93": [
      21.53328761126878,
      -12.92853828734497
   ],
   "n189": [
      3.711339954389364,
      4.755599542217422
   ],
   "n190": [
      -4.901094996031218,
      -5.191972816789944
   ],
   "n191": [
      -15.859246363271621,
      0.6860993416262333
   ],
   "n192": [
      -13.48471860824579,
      -6.7967139046776515
   ],
   "n193": [
      -6.691348338834865,
      27.1001802725022
   ],
   "n194": [
      22.34570828046629,
      6.195378364413318
   ],
   "n195": [
      8.82691615477761,
      5.00302577810628
   ],
   "n196": [
      24.796351123437336,
      8.998013288569583
   ],
   "n197": [
      -19.12530481457609,
      26.041255264365912
   ],
   "n198": [
      10.464714596084502,
      40.722930505080825
   ],
   "n199": [
      11.953105738080648,
      16.574459065860246
   ],
   "n200": [
      4.387297682781585,
      -5.078065244118072
   ],
   "n201": [
      39.912214854786654,
      13.54130329884882
   ],
   "n202": [
      41.63490900799157,
      2.801125715824971
   ],
   "n203": [
      1.710517780758098,
      -1.285113718262832
   ],
   "n204": [
      15.139000080173494,
      -22.37269567290776
   ],
   "n205": [
      26.13351784395902,
      -15.820484352015713
   ],
   "n206": [
      8.134410973276708,
      -20.973104228929206
   ],
   "n207": [
      12.77302446165242,
      10.407588700493974
   ]
}