{
   "n94": [
      30.631278703783305,
      1.1587653364626258
   ],
   "n95": [
      -6.656167650457658,
      14.102002564014148
   ],
   "n96": [
      0.677186248629478,
      -8.283243829312893
   ],
   "n97": [
      -22.755617733358406,
      4.074273820390483
   ],
   "n98": [
      11.292442147966637,
      -7.101740025266329
   ],
   "n99": [
      9.853034039877324,
      6.638872991835543
   ],
   "n100": [
      14.6146949505862,
      8.593216659082394
   ],
   "n101": [
      2.245655603942958,
      0.6960926401791031
   ],
   "n102": [
      -1.5079225786959958,
      2.3861343788804708
   ],
   "n103": [
      13.41137056566974,
      -2.3956885398375287
   ],
   "n104": [
      30.594831795498138,
      -22.836713117048426
   ],
   "n105": [
      5.568492806073187,
      -3.3367194888326193
   ],
   "n107": [
      2.3411046232211663,
      12.619896193089009
   ],
   "n108": [
      -0.17107617442596293,
      1.8657188088190608
   ],
   "n109": [
      19.71614319055043,
      32.064520129381485
   ],
   "n110": [
      5.9894185950237615,
      35.88173910442925
   ],
   "n208": [
      19.0680587400558,
      -3.69752608690281
   ],
   "n209": [
      1.9845870751015517,
      6.275068063624361
   ],
   "n210": [
      27.357715609416775,
      4.831258721647599
   ],
   "n211": [
      9.10352366654474,
      -11.023181294665434
   ],
   "n212": [
      -0.49195744609202274,
      16.888011252092042
   ],
   "n213": [
      -18.50142492151524,
      7.67376575161809
   ],
   "n214": [
      11.355010447194083,
      -15.886238905052961
   ],
   "n215": [
      14.075325307348892,
      3.9695083896413093
   ],
   "n216": [
      23.151394069314694,
      9.470753722543211
   ],
   "n217": [
      -24.19000592813157,
      21.088185050918263
   ],
   "n218": [
      -1.239140784738968,
      -22.8944434511186
   ],
   "n219": [
      7.258244563211253,
      1.4443851187525727
   ],
   "n220": [
      -22.058562580567372,
      15.854825934343284
   ],
   "n221": [
      13.24434923570908,
      35.250810096795426
   ],
   "n222": [
      7.602259247941078,
      11.230080808538661
   ],
   "n223": [
      15.574292849321381,
      20.59276988100087
   ],
   "n224": [
      0.6097387028043897,
      25.01092726136627
   ]
}