{
   "n28": [
      17.94019742007027,
      -3.8024035850198685
   ],
   "n29": [
      38.603291169655215,
      -52.72967058360782
   ],
   "n90": [
      12.453317461268067,
      15.07897074122827
   ],
   "n91": [
      8.205498052703257,
      2.1530126187991248
   ],
   "n92": [
      -14.1641889701669,
      19.263681904962457
   ],
   "n111": [
      -0.5429925880827129,
      55.72788023034311
   ],
   "n112": [
      30.50026853037933,
      37.812439664700584
   ],
   "n113": [
      -9.832087789390672,
      -1.8113329849979565
   ],
   "n114": [
      -42.34439828857118,
      7.72662618093226
   ],
   "n115": [
      6.743390382452087,
      5.569681488440645
   ],
   "n116": [
      -3.2872011205095935,
      29.255852555126182
   ],
   "n117": [
      -6.964700297125153,
      17.369090685224386
   ],
   "n118": [
      -28.63213924490902,
      37.22247976143933
   ],
   "n119": [
      7.085616264049978,
      18.919709879277804
   ],
   "n120": [
      -1.1193424114049493,
      10.33002604510254
   ],
   "n121": [
      -33.06371465679244,
      -32.63670382933959
   ],
   "n122": [
      -2.257242539001526,
      -14.864634425718444
   ],
   "n123": [
      21.34389178539211,
      -34.324070560428
   ],
   "n124": [
      23.642955340695334,
      -19.317001039130503
   ],
   "n125": [
      3.420677450798169,
      1.5050014463783001
   ],
   "n126": [
      5.294713293041049,
      5.113090046718503
   ],
   "n127": [
      -19.63779866491369,
      36.772263217937976
   ],
   "n128": [
      -4.3384193482728755,
      16.561011989862816
   ],
   "n129": [
      0.30250888686602034,
      8.714647918368083
   ],
   "n130": [
      35.473106258782195,
      13.057484165359071
   ],
   "n131": [
      24.14203913022401,
      23.336688472827063
   ],
   "n132": [
      23.608982287777383,
      -0.9032464723056234
   ],
   "n133": [
      21.07654615865998,
      -44.69429893966117
   ],
   "n134": [
      7.473569656076986,
      -26.13130129218962
   ],
   "n135": [
      24.687677633941988,
      14.539461952311898
   ],
   "n136": [
      -0.22142792601002953,
      40.461047660314186
   ],
   "n225": [
      -9.317089481604059,
      18.79492576112242
   ],
   "n226": [
      2.021456192528035,
      19.276519692647597
   ],
   "n227": [
      -22.865118759215992,
      16.626938459917824
   ],
   "n228": [
      33.73999443005993,
      33.130361642583466
   ],
   "n229": [
      -5.19905783132149,
      8.258592318897662
   ],
   "n230": [
      -60.75063321352732,
      -3.8360710052996865
   ],
   "n231": [
      -16.781131522584882,
      -34.488737138675226
   ],
   "n232": [
      -21.99958241179829,
      -29.356355822041323
   ],
   "n233": [
      5.9387170464710115,
      -19.497402283786503
   ],
   "n234": [
      19.902343601514097,
      -3.290450304980923
   ],
   "n235": [
      10.080590474676173,
      -15.473207900769134
   ],
   "n236": [
      -14.181216479583163,
      -2.303145274539429
   ],
   "n237": [
      14.340384869424192,
      20.239394316218576
   ],
   "n238": [
      6.785285191335235,
      24.208279508890424
   ],
   "n239": [
      20.89550042850956,
      8.428894698962862
   ],
   "n240": [
      17.762083191934344,
      3.581104703545865
   ],
   "n241": [
      2.846313230246265,
      -8.007948409130215
   ],
   "n242": [
      -3.329286045667331,
      -6.881241098770604
   ],
   "n243": [
      16.251776225734922,
      12.684376439983645
   ],
   "n244": [
      -6.041961747890999,
      3.014400899799906
   ],
   "n245": [
      5.687508418066474,
      -5.896524423518802
   ],
   "n246": [
      38.12585207674455,
      -2.5796590838573867
   ],
   "n247": [
      5.452617218819569,
      16.43608060794953
   ],
   "n248": [
      14.261623685842604,
      32.521446819073425
   ]
}