{
   "n2": [
      104.98514043768489,
      -75.37082644680103
   ],
   "n3": [
      -17.112912708662247,
      -109.03362895440945
   ],
   "n4": [
      -96.52285267370509,
      -93.35430386780683
   ],
   "n5": [
      129.38760797425167,
      23.77738893478033
   ],
   "n6": [
      -17.663058991777547,
      140.50814127348744
   ],
   "n7": [
      78.57404083788926,
      93.720680642654
   ],
   "n8": [
      -109.7349226316109,
      16.722516416012894
   ],
   "n9": [
      -74.42992871792536,
      -33.64613409260802
   ],
   "n10": [
      8.082852099940242,
      97.91126330048154
   ],
   "n12": [
      75.87969111125904,
      26.250380552994862
   ],
   "n13": [
      36.66207593773241,
      -82.92917394060233
   ],
   "n14": [
      -83.59512804352143,
      73.2730537968508
   ],
   "n16": [
      60.661948997503586,
      -34.54102384384512
   ],
   "n17": [
      4.611276305343602,
      -11.541664754006447
   ],
   "n18": [
      -40.33498468018623,
      68.71826342128789
   ],
   "n20": [
      -31.038673618658937,
      -25.53839029100182
   ],
   "n22": [
      25.10162370466911,
      51.782884709328286
   ],
   "n23": [
      -45.05247481026651,
      21.605619677787086
   ],
   "n24": [
      14.798210486596597,
      0.6470651620684714
   ],
   "n25": [
      -13.531267376500786,
      43.23898668320853
   ],
   "n26": [
      36.321772062917965,
      20.614660528648884
   ],
   "n27": [
      5.1069656957442096,
      -0.7664722276825463
   ],
   "n30": [
      -11.615788374583094,
      24.761464403333548
   ]
}