{
   "n11": [
      6.872213071424879,
      4.50173391829853
   ],
   "n21": [
      6.640799886093573,
      -1.1049972366982146
   ],
   "n65": [
      8.436040907879242,
      8.875371254822019
   ],
   "n171": [
      12.18513930169907,
      4.4447045314672655
   ],
   "n172": [
      -0.13289132076436885,
      7.818324200598433
   ],
   "n173": [
      1.30326402667122,
      0.17977210506796465
   ],
   "n174": [
      5.420046096754786,
      8.733515023003507
   ]
}