{
   "n150": [
      4.970937878873893,
      -2.833896993503071
   ],
   "n151": [
      2.2179381488710805,
      28.85927279839143
   ],
   "n152": [
      -0.35616499415417363,
      6.602253035865932
   ],
   "n153": [
      13.376307172376091,
      12.729369576534536
   ],
   "n154": [
      14.176235246992748,
      0.4343478769100075
   ],
   "n297": [
      134.07771207983117,
      249.65586709790034
   ],
   "n298": [
      259.59211680846863,
      103.44533239595724
   ],
   "n299": [
      -229.77309017183276,
      148.27864448421647
   ],
   "n300": [
      -200.11359564542238,
      -178.99648962849798
   ],
   "n301": [
      -90.33695551036402,
      -249.04856504745987
   ],
   "n302": [
      -17.51722302676905,
      40.679674137714464
   ],
   "n303": [
      13.909001111554607,
      48.831796888926384
   ],
   "n304": [
      18.90665764438323,
      15.964190419147245
   ],
   "n305": [
      25.06687468213993,
      -19.262201880349473
   ],
   "n306": [
      -19.261376413617455,
      -12.68285215375485
   ],
   "n307": [
      -18.17823554557781,
      5.116199407144629
   ],
   "n308": [
      3.8997055060481465,
      -28.342961112944618
   ],
   "n309": [
      22.458604597177732,
      7.713238342259509
   ],
   "n310": [
      -12.546442102985193,
      -21.08109265871441
   ],
   "n311": [
      30.519548459064918,
      -3.895013510353873
   ],
   "n312": [
      -4.644489442802123,
      -25.404387615241898
   ],
   "n313": [
      15.25200271689936,
      -26.207677633797612
   ],
   "n314": [
      -5.551765969641334,
      15.531685785319722
   ],
   "n315": [
      -1.8719088173242866,
      -0.9408743400284565
   ],
   "n316": [
      -4.09361211721091,
      30.99813180354809
   ],
   "n317": [
      17.808414674345354,
      -9.31771474842637
   ],
   "n318": [
      13.709087406695723,
      25.883105899489774
   ],
   "n319": [
      -12.149470482592218,
      27.190237458044784
   ],
   "n320": [
      -25.62684463272143,
      2.1032772572947587
   ],
   "n321": [
      -2.302746108733131,
      -14.846252171050768
   ],
   "n322": [
      10.593454780886828,
      -13.605684041088875
   ],
   "n323": [
      -20.797608733416208,
      20.043044773760442
   ],
   "n324": [
      -14.553660164216945,
      -8.387236432788628
   ],
   "n325": [
      -9.664693103634765,
      13.092044952953092
   ],
   "n326": [
      35.14331737562116,
      9.332731269740716
   ],
   "n327": [
      15.783605320623028,
      36.000028996184355
   ],
   "n328": [
      22.788388054974927,
      -2.0638392428857926
   ],
   "n329": [
      33.351870653491595,
      26.118951536212723
   ],
   "n330": [
      35.09909172727245,
      18.755389781885395
   ],
   "n331": [
      -5.810440250164252,
      2.6992626258653525
   ],
   "n332": [
      37.963992901542305,
      -9.111512377609957
   ],
   "n333": [
      7.399516979648343,
      -16.327914373052263
   ],
   "n334": [
      7.849353231567996,
      17.621525748452385
   ]
}