{
   "n40": [
      70.12340230167881,
      -40.31425955997115
   ],
   "n45": [
      -3.9357109729573656,
      18.351308923284133
   ],
   "n46": [
      1.2809530568603447,
      13.494382722218925
   ],
   "n53": [
      -15.223359197556967,
      -69.90028574796489
   ],
   "n58": [
      3.068082766508309,
      31.128196255535144
   ],
   "n59": [
      8.087549070413264,
      6.842889149020809
   ],
   "n60": [
      -4.779401669830345,
      -0.6394586921752698
   ],
   "n61": [
      1.113298120909001,
      3.178875819297326
   ],
   "n62": [
      6.036578774333534,
      -8.809700434033306
   ],
   "n63": [
      14.705187330856099,
      3.3618450598099408
   ],
   "n167": [
      8.181685980555965,
      0.334635539496017
   ],
   "n168": [
      1.749116509469275,
      10.000865424009545
   ],
   "n169": [
      15.63608818106052,
      -1.4461181952576803
   ],
   "n170": [
      -8.811720599246781,
      3.234336018198523
   ]
}