{
   "n67": [
      15.703909222099194,
      -19.235281687237244
   ],
   "n68": [
      -23.13753980632772,
      -3.8528956354122585
   ],
   "n69": [
      -12.042939893948743,
      2.586012546562133
   ],
   "n70": [
      2.45387720544698,
      2.1386488204429646
   ],
   "n71": [
      3.347363588310724,
      6.568506130783552
   ],
   "n72": [
      -3.112658487017091,
      -23.939756846773243
   ],
   "n73": [
      -0.8513411937816303,
      -8.086348693565535
   ],
   "n74": [
      20.74078619236823,
      3.5256402298641873
   ],
   "n75": [
      12.02366026393372,
      27.134789905969654
   ],
   "n175": [
      132.4539121490398,
      83.30257500968821
   ],
   "n176": [
      67.10750014221355,
      122.86094954488757
   ],
   "n177": [
      135.38234979610058,
      19.99431707882793
   ],
   "n178": [
      124.3440169477738,
      -60.81833031699106
   ],
   "n179": [
      -33.238878331448944,
      132.3744943176106
   ],
   "n180": [
      96.29284453845625,
      65.31544653886614
   ],
   "n181": [
      4.53150014089157,
      -7.342263709759337
   ],
   "n182": [
      -35.13388759652925,
      -7.5905231405721985
   ],
   "n183": [
      -2.85593484233576,
      15.855563663192557
   ],
   "n184": [
      10.767515445972833,
      12.834052756572522
   ],
   "n185": [
      10.461159040924128,
      -3.6246672968720075
   ],
   "n186": [
      29.349316222468662,
      -8.879009120599498
   ],
   "n187": [
      7.723122162953246,
      16.418967316995655
   ],
   "n188": [
      21.901810335507285,
      17.24237711187542
   ]
}