{
   "n15": [
      4.188781787254838,
      24.528489794118375
   ],
   "n19": [
      14.249939594285637,
      38.857641425058596
   ],
   "n31": [
      13.044238842457016,
      28.955306782834175
   ],
   "n32": [
      34.028483392252994,
      9.336761019660177
   ],
   "n33": [
      -4.1461551480961765,
      -25.83068122882437
   ],
   "n34": [
      -7.991234225387491,
      -7.046492229945466
   ],
   "n35": [
      3.6573535422837247,
      -14.527868538164235
   ],
   "n36": [
      20.55049793974303,
      1.5366777290544644
   ],
   "n37": [
      7.3933262263978765,
      4.889855198874787
   ],
   "n38": [
      15.334774223984503,
      8.649139280596803
   ],
   "n41": [
      5.966412534830969,
      -4.920598671418277
   ],
   "n42": [
      -13.173205531608549,
      21.675024272061343
   ],
   "n43": [
      4.049993841774715,
      13.708794093443018
   ],
   "n44": [
      -5.5126495035370695,
      34.39510512257042
   ],
   "n47": [
      36.54789832361103,
      22.051906893536394
   ],
   "n48": [
      13.861286141130378,
      25.057430253938982
   ],
   "n49": [
      -13.341541683571323,
      8.146070341073019
   ],
   "n50": [
      7.914428595132626,
      12.436767052248092
   ],
   "n51": [
      -5.302285339439748,
      6.215204510489521
   ],
   "n52": [
      -0.3346746138231097,
      -8.633541818482763
   ],
   "n54": [
      -6.355888151463065,
      -32.13820206327673
   ],
   "n55": [
      -18.04584555443439,
      -16.53458974072892
   ],
   "n56": [
      -25.725015038160787,
      -2.210829054792055
   ],
   "n57": [
      -1.646498856959946,
      -19.824797511311214
   ],
   "n155": [
      25.852334122547482,
      17.060691601608717
   ],
   "n156": [
      20.415106056430375,
      -0.9869586035314457
   ],
   "n157": [
      22.39544774633871,
      -5.936736389029498
   ],
   "n158": [
      -6.337482485804021,
      9.508186604631709
   ],
   "n159": [
      13.960398013392044,
      -9.269760204647696
   ],
   "n160": [
      -4.280051356830349,
      1.6122477068130932
   ],
   "n161": [
      -4.821334270695968,
      22.72733942650771
   ],
   "n162": [
      0.16329458666104404,
      13.253953479578264
   ],
   "n163": [
      -8.13087331064175,
      17.49430819894805
   ],
   "n164": [
      12.015265511269236,
      -13.877795624001623
   ],
   "n165": [
      13.061947522475064,
      -6.357923023248437
   ],
   "n166": [
      5.67117841477601,
      17.78459195293498
   ]
}