{
   "n1": [
      8.437887217025178,
      3.8385471654235737
   ],
   "n0": [
      1.7078760153258379,
      9.074125257472579
   ]
}