{
   "n1": [
      4.502614775018227,
      7.081817722367917
   ],
   "n0": [
      2.7605532896466207,
      6.865052268976078
   ]
}