{
   "n64": [
      30.152254363461793,
      -5.276326917132546
   ],
   "n66": [
      -3.836294709345333,
      7.694483195676894
   ],
   "n106": [
      16.12804726110233,
      31.266796959174002
   ],
   "n137": [
      6.484387404416292,
      5.619844710097508
   ],
   "n138": [
      -31.12397343880285,
      -18.90493249311248
   ],
   "n139": [
      8.533386304279368,
      -12.976665701280961
   ],
   "n140": [
      36.852909904057654,
      1.715733544563185
   ],
   "n141": [
      -7.808361010457289,
      11.054090668566072
   ],
   "n142": [
      23.550926729227378,
      20.94994071996189
   ],
   "n143": [
      -14.424196618705336,
      -5.99391923590424
   ],
   "n144": [
      0.42391710267546806,
      0.48237010588609674
   ],
   "n145": [
      5.553351436908314,
      65.64960747889216
   ],
   "n146": [
      -17.11470415021613,
      35.14543656938902
   ],
   "n147": [
      -49.462902748088425,
      17.627681022040086
   ],
   "n148": [
      -14.916928268806625,
      -15.037492706234781
   ],
   "n149": [
      4.064077021057858,
      1.0169447366819162
   ],
   "n249": [
      17.820279220701668,
      16.079900990118507
   ],
   "n250": [
      -7.3276523210597135,
      -38.7807587847823
   ],
   "n251": [
      9.400699869942143,
      -41.89759828474196
   ],
   "n252": [
      20.07035006838732,
      -39.78337264819092
   ],
   "n253": [
      62.65757096775967,
      2.709689634476532
   ],
   "n254": [
      -29.038787411155013,
      31.48348460232706
   ],
   "n255": [
      16.331393875040927,
      -3.4476247839404017
   ],
   "n256": [
      56.03054399940972,
      -15.17143437521
   ],
   "n257": [
      -35.06842197050226,
      12.993443103606714
   ],
   "n258": [
      6.1639257061641315,
      -10.167617040022753
   ],
   "n259": [
      32.87642814923975,
      -13.155915278344795
   ],
   "n260": [
      -13.814002287680914,
      -19.880397627897413
   ],
   "n261": [
      -23.482226813378748,
      -1.1970158160269615
   ],
   "n262": [
      5.257964598493575,
      34.878846963713194
   ],
   "n263": [
      32.95929271029194,
      45.28099836295762
   ],
   "n264": [
      26.71353782754515,
      -0.5251931135719327
   ],
   "n265": [
      28.843521956227818,
      24.53272826706264
   ],
   "n266": [
      11.73966182109544,
      56.73663908179402
   ],
   "n267": [
      18.347827299054575,
      4.750680609097549
   ],
   "n268": [
      13.879297018804419,
      35.070823095417516
   ],
   "n269": [
      -4.42202877349936,
      -11.897953505492666
   ],
   "n270": [
      31.20259407894681,
      7.591228375354448
   ],
   "n271": [
      6.039972454325383,
      85.79110438092331
   ],
   "n272": [
      -1.577314725268815,
      39.270646998244956
   ],
   "n273": [
      -28.655134906328975,
      -10.912699375932423
   ],
   "n274": [
      10.141502173441909,
      -27.540412407574067
   ],
   "n275": [
      20.072106940479273,
      -25.39794048065632
   ],
   "n276": [
      12.734946781486313,
      7.673063504563432
   ],
   "n277": [
      -18.652766126635687,
      -5.52569691140428
   ],
   "n278": [
      13.748109080544472,
      15.55898378756527
   ],
   "n279": [
      18.745656721052903,
      7.890945003378188
   ],
   "n280": [
      -39.154757280390214,
      40.47218162378746
   ],
   "n281": [
      -4.4690872748312716,
      27.591868017838564
   ],
   "n282": [
      -1.5670848502300319,
      -28.520996151614803
   ],
   "n283": [
      -14.076795672938319,
      24.553575043040013
   ],
   "n284": [
      -14.043374734848282,
      14.855424703117132
   ],
   "n285": [
      -9.621186525182772,
      -27.58761953600574
   ],
   "n286": [
      3.7945084661292285,
      23.73086423172459
   ],
   "n287": [
      -30.217240517715908,
      5.296625308363772
   ],
   "n288": [
      -17.640473293094022,
      7.334163168168203
   ],
   "n289": [
      32.54734007516751,
      14.860292250095707
   ],
   "n290": [
      19.195210552079853,
      -20.320092230350205
   ],
   "n291": [
      -24.7792149371952,
      8.831712184028015
   ],
   "n292": [
      -20.868780871823073,
      17.44606910531649
   ],
   "n293": [
      24.791563587000837,
      -11.876145310397261
   ],
   "n294": [
      10.748454081326301,
      11.220337345589407
   ],
   "n295": [
      5.139280955761783,
      -24.22744831298992
   ],
   "n296": [
      37.693341488453896,
      -2.0208824113218347
   ]
}