{
   "1": [
      72.30275079541134,
      44.80526543812018
   ],
   "2": [
      46.97927794833467,
      42.03717857376501
   ],
   "3": [
      41.04229811968601,
      18.330207998515775
   ],
   "4": [
      37.31764812258409,
      22.330539359015354
   ],
   "5": [
      52.656516709173374,
      67.73830734713313
   ],
   "6": [
      68.1153349396013,
      57.708849591347025
   ],
   "7": [
      58.661735861816666,
      65.7749142487078
   ],
   "8": [
      63.44416922384331,
      61.76614658682942
   ],
   "9": [
      45.66314884469998,
      68.55944120315336
   ],
   "10": [
      71.51186435775317,
      51.93922174642267
   ],
   "11": [
      11.858906195415493,
      -2.980826066522477
   ],
   "12": [
      17.52750521793662,
      29.398311233342994
   ],
   "13": [
      12.38371485354896,
      -27.08965251214138
   ],
   "14": [
      -9.380049885770084,
      -29.370895872680705
   ],
   "15": [
      10.138361382930622,
      -37.40241110711068
   ],
   "16": [
      -0.6632943874421089,
      -34.85419989519072
   ],
   "24": [
      -8.17957929517701,
      -13.344685421783929
   ],
   "25": [
      9.434927336789343,
      8.64897202212555
   ],
   "26": [
      13.957689976609117,
      11.725595414985344
   ],
   "27": [
      9.554470042556225,
      4.904608813353489
   ],
   "28": [
      7.44743331217101,
      -6.679477463851498
   ],
   "29": [
      26.741002772195177,
      -29.994851995153304
   ],
   "30": [
      -5.4809715261516345,
      -6.435884780766481
   ],
   "32": [
      -0.7634722717628581,
      -26.59063026837617
   ],
   "33": [
      23.475001845416283,
      -34.62893887376796
   ],
   "34": [
      9.03980167560123,
      -26.110082622342386
   ],
   "35": [
      -1.4564160966181632,
      -3.6503601062022653
   ],
   "36": [
      -10.792914929000506,
      -6.972509264816838
   ],
   "37": [
      -11.074569277192293,
      5.322594200634631
   ],
   "38": [
      -4.06014161553659,
      -10.99277147835477
   ],
   "39": [
      -10.858886753100089,
      -0.45139759817705916
   ],
   "44": [
      -11.372578429174686,
      2.6846858864357017
   ],
   "45": [
      34.99075417759423,
      -24.80020510851006
   ],
   "49": [
      -4.300010934740004,
      10.188233918477975
   ],
   "50": [
      25.791811973059566,
      16.04675906891553
   ],
   "52": [
      35.10073782626666,
      6.500160905084165
   ],
   "56": [
      14.133422382292254,
      9.921454551796947
   ],
   "59": [
      5.246802894148468,
      10.822594909934546
   ],
   "65": [
      6.267268951319643,
      17.34392655155393
   ],
   "69": [
      12.127889104901111,
      -6.437062006405208
   ],
   "70": [
      17.42010631585166,
      -2.5255089567064646
   ],
   "71": [
      21.89525378242361,
      0.6994587021359987
   ],
   "72": [
      16.26923600650721,
      -7.803827221274824
   ],
   "73": [
      19.97344190074073,
      14.674749192824985
   ],
   "17": [
      -24.773961384843943,
      -10.806134416210964
   ],
   "18": [
      -16.19015043782074,
      -4.1482023561884525
   ],
   "19": [
      -30.951556553738165,
      -8.006973501750775
   ],
   "20": [
      -28.14081163340892,
      -16.55568701901386
   ],
   "21": [
      -30.304206778337356,
      -12.531644735289689
   ],
   "22": [
      -28.05255768031544,
      -4.756128330341131
   ],
   "23": [
      -23.736206284448066,
      -17.16853887799677
   ],
   "31": [
      -12.004413781511234,
      -41.84120595199821
   ],
   "42": [
      18.173990819631666,
      5.045071022768462
   ],
   "43": [
      3.231955412596812,
      28.727988983494892
   ],
   "51": [
      16.050978648059946,
      35.99052052205098
   ],
   "40": [
      31.359539149854893,
      28.340669603952367
   ],
   "41": [
      18.158508213857818,
      44.97692647367455
   ],
   "76": [
      22.44308205379534,
      -4.64880941931888
   ],
   "55": [
      25.81769804535589,
      7.7804580945043895
   ],
   "46": [
      39.34604504715738,
      -55.75797294810971
   ],
   "53": [
      50.83246536085279,
      25.21504958577174
   ],
   "58": [
      8.60093021731747,
      1.8196263274764648
   ],
   "63": [
      8.496877799651276,
      15.361905791702268
   ],
   "47": [
      -45.30718474785935,
      13.435471280285915
   ],
   "48": [
      -71.56142249801567,
      14.216704100269794
   ],
   "60": [
      2.3500057493959314,
      19.91882574269205
   ],
   "61": [
      -2.9904156433954996,
      8.602690175100387
   ],
   "62": [
      0.8846805989600364,
      16.59684945731012
   ],
   "64": [
      -3.0161443517192663,
      15.534094788198978
   ],
   "66": [
      1.0188379772797636,
      11.71794147947764
   ],
   "67": [
      -5.142999090029139,
      20.809675963069846
   ],
   "74": [
      -25.590959324324857,
      34.02573535944707
   ],
   "75": [
      -30.395383248774312,
      28.470152486813184
   ],
   "77": [
      0.6009947000136735,
      25.951490740549854
   ],
   "57": [
      42.262182653171394,
      9.810076263089371
   ],
   "54": [
      62.756868412318894,
      -1.562718089847021
   ],
   "68": [
      19.41768161940786,
      -27.254643029917112
   ]
}