{
   "1": [
      21.34701904264736,
      6.217455201971716
   ],
   "2": [
      4.8151288676269255,
      2.214058890492998
   ],
   "3": [
      6.010469137459127,
      14.436848696054112
   ],
   "4": [
      -0.815583265925053,
      13.810722595920145
   ],
   "5": [
      -12.924266030874586,
      7.73886848632006
   ],
   "6": [
      -10.709779659626156,
      0.2417787097682737
   ],
   "7": [
      -7.782300154095697,
      15.507883693557813
   ],
   "8": [
      -7.136719153822557,
      -7.147658554689457
   ],
   "9": [
      2.8557195280921435,
      -11.745439544372923
   ],
   "10": [
      7.7170904384218915,
      20.245937555208528
   ],
   "11": [
      8.615297764126899,
      5.310402775774775
   ],
   "12": [
      -2.007474903784269,
      18.67777256433719
   ],
   "13": [
      1.5498040305138772,
      13.904806773389533
   ],
   "14": [
      19.17766736931276,
      -4.352307969414566
   ],
   "15": [
      16.532069149958453,
      -6.722695436737034
   ],
   "16": [
      11.880640010253469,
      -9.637548825670754
   ],
   "24": [
      3.9945161310428854,
      4.03551298580999
   ],
   "25": [
      5.026287144971949,
      6.860942240623529
   ],
   "26": [
      6.719661189385475,
      3.059670063252236
   ],
   "27": [
      4.132895862051547,
      5.798541734584512
   ],
   "28": [
      8.600184075745368,
      9.249698774912856
   ],
   "29": [
      -0.8790487620345905,
      7.762411171206732
   ],
   "30": [
      2.3082739086098054,
      3.091140897345687
   ],
   "32": [
      8.131581692277894,
      12.5723210603756
   ],
   "33": [
      19.27026321320439,
      10.028482858882578
   ],
   "34": [
      12.338424801845392,
      -3.897138929117672
   ],
   "35": [
      7.027055624514553,
      10.949835896608624
   ],
   "36": [
      5.251906671804662,
      12.137930537673036
   ],
   "37": [
      0.08487594858727684,
      -2.146180615337346
   ],
   "38": [
      -2.3186148228002357,
      10.008579980841757
   ],
   "39": [
      -1.1221782302412064,
      9.753697527763016
   ],
   "44": [
      0.07954197098657101,
      10.85390039789211
   ],
   "45": [
      14.080983284815822,
      12.854349041524115
   ],
   "49": [
      8.023875184006558,
      0.9762265899928879
   ],
   "50": [
      0.2088635524835876,
      1.1915582899605637
   ],
   "52": [
      11.52203063838112,
      7.7426235163080355
   ],
   "56": [
      4.681929992791551,
      4.559819652630984
   ],
   "59": [
      2.185533479107172,
      4.387943335024312
   ],
   "65": [
      6.276380288962039,
      0.6770807529537186
   ],
   "69": [
      -0.7485454170321117,
      -0.39987334914711636
   ],
   "70": [
      -1.140329628715724,
      2.8862552796727905
   ],
   "71": [
      -1.5769518814139072,
      0.9691784978508269
   ],
   "72": [
      8.552740786623422,
      8.068059845849984
   ],
   "73": [
      5.176356951324461,
      -4.437830769668685
   ],
   "17": [
      10.354124825550135,
      4.135139866239174
   ],
   "18": [
      10.223580877804645,
      -0.35663519590426634
   ],
   "19": [
      0.8816927529761502,
      8.21200778971796
   ],
   "20": [
      2.816455022102419,
      -0.7843531547532342
   ],
   "21": [
      2.476441229678248,
      0.22004324521866322
   ],
   "22": [
      5.2110579591645045,
      -1.5030711040904416
   ],
   "23": [
      0.5036822908915403,
      -1.2160639647293623
   ],
   "31": [
      11.336171634820888,
      6.6223451329572365
   ],
   "42": [
      0.24329220231565998,
      5.30243929801739
   ],
   "43": [
      -1.4594677468845716,
      2.288896438650874
   ],
   "51": [
      7.0121655128576,
      -5.389262636156866
   ],
   "40": [
      0.8101531767127765,
      -4.02024796852441
   ],
   "41": [
      12.439769197529682,
      -8.090934597236565
   ],
   "76": [
      1.6309920120614985,
      1.487796380654725
   ],
   "55": [
      2.61947642990887,
      6.042294562900102
   ],
   "46": [
      17.44712842410521,
      -0.8028764827462144
   ],
   "53": [
      13.95388843688329,
      -0.639879003666325
   ],
   "58": [
      8.297461958691933,
      10.652413546044198
   ],
   "63": [
      5.904098628068391,
      10.147765039259191
   ],
   "47": [
      -2.9895722378234515,
      7.22723158534045
   ],
   "48": [
      1.0739508158671711,
      15.702134133112546
   ],
   "60": [
      7.206372526491292,
      8.082416659797905
   ],
   "61": [
      6.478000306254098,
      7.590112835763239
   ],
   "62": [
      7.67694403264094,
      6.811675667982216
   ],
   "64": [
      6.468017897696258,
      1.5161862584044803
   ],
   "66": [
      7.676494655551237,
      3.6591281339876467
   ],
   "67": [
      5.94965432806404,
      2.3182847998212357
   ],
   "74": [
      7.1277916740584715,
      12.703856991948534
   ],
   "75": [
      12.889402579479194,
      -0.9662562627578539
   ],
   "77": [
      9.07052957993795,
      -0.8869271461976769
   ],
   "57": [
      9.840647168025171,
      4.940770215327203
   ],
   "54": [
      17.017499443398478,
      13.962148844644108
   ],
   "68": [
      2.6202745061107566,
      15.953680291448686
   ]
}