{
   "1": [
      9.02226692737095,
      5.929871771467332
   ],
   "2": [
      2.7605433907632153,
      7.74879654471322
   ],
   "3": [
      9.515893729101462,
      3.0371644449327615
   ],
   "4": [
      2.861063740993409,
      3.147349006609346
   ],
   "5": [
      0.21530863795246605,
      6.368604727478501
   ],
   "6": [
      7.166154181738681,
      9.926610423169944
   ],
   "7": [
      2.1053486735863305,
      0.865214340843465
   ],
   "8": [
      5.269226083230293,
      3.765008705009755
   ],
   "9": [
      1.221040637641212,
      6.943577451519316
   ],
   "10": [
      0.1563105486112435,
      0.8611922624564663
   ],
   "11": [
      6.238379073536415,
      9.554790906786438
   ],
   "12": [
      9.483406545823605,
      6.9538645550733795
   ],
   "13": [
      1.1057981913546984,
      3.086087977479927
   ],
   "14": [
      4.401549399804572,
      9.038595800454516
   ],
   "15": [
      8.399762398998874,
      1.9148987391019126
   ],
   "16": [
      6.098290057633555,
      3.727714740389514
   ]
}