{
   "1": [
      26.214985252108168,
      -35.56446880344702
   ],
   "2": [
      10.908107908177518,
      -5.885956072960702
   ],
   "3": [
      25.81251178284002,
      -13.139708154934313
   ],
   "4": [
      6.320455107124905,
      -21.783418807314252
   ],
   "5": [
      6.7914650256426095,
      36.487535498327226
   ],
   "6": [
      34.458824291455514,
      24.377594835957936
   ],
   "7": [
      -25.831911595607938,
      -13.140358176698825
   ],
   "8": [
      45.92170259423472,
      -6.606132058350474
   ],
   "9": [
      -22.51326739413261,
      -21.15113167793749
   ],
   "10": [
      39.4095491226176,
      -24.04808980043134
   ],
   "11": [
      1.7779058032682467,
      3.677525622766017
   ],
   "12": [
      -8.019337787396319,
      -33.60529433227881
   ],
   "13": [
      14.546197263354237,
      -23.132333703860827
   ],
   "14": [
      -19.103863647943022,
      34.56616291499391
   ],
   "15": [
      37.09536636607235,
      23.72817997006772
   ],
   "16": [
      -29.863178498192756,
      21.474201315868886
   ],
   "24": [
      2.6494442138719214,
      -1.6589154753421553
   ],
   "25": [
      11.592188277893618,
      19.180288758070258
   ],
   "26": [
      -0.6476441177162909,
      6.4781776301893945
   ],
   "27": [
      15.227035365843326,
      10.418624024435397
   ],
   "28": [
      2.93309024890542,
      9.971307050007061
   ],
   "29": [
      -22.96814931599823,
      1.0897231194138683
   ],
   "30": [
      19.929876417595267,
      -3.926123856232531
   ],
   "32": [
      0.8114146916783523,
      -17.11867181567027
   ],
   "33": [
      -34.4368460092971,
      9.372299138409474
   ],
   "34": [
      -23.615786120482642,
      10.676900012674349
   ],
   "35": [
      25.98574275719494,
      1.3872017759828945
   ],
   "36": [
      17.708739530364422,
      -10.057421005525843
   ],
   "37": [
      24.741885944235904,
      7.606233191987038
   ],
   "38": [
      19.713071504812532,
      -6.823932458936402
   ],
   "39": [
      14.541377998548574,
      15.204212793651296
   ],
   "44": [
      4.120322018441977,
      29.805543163044614
   ],
   "45": [
      -10.213559134039615,
      -20.796189111049543
   ],
   "49": [
      2.823593129197562,
      1.0800446370273047
   ],
   "50": [
      19.08468854093794,
      10.846296389223612
   ],
   "52": [
      4.631996599616421,
      5.366473735158353
   ],
   "56": [
      6.209614819996414,
      7.22018336221923
   ],
   "59": [
      10.093665821983882,
      1.0465670151171447
   ],
   "65": [
      -1.015938720628893,
      -2.1164065984590263
   ],
   "69": [
      -4.898603521802317,
      9.967087898012101
   ],
   "70": [
      6.73770258456611,
      15.172806255316564
   ],
   "71": [
      13.145613742385615,
      2.153730347507395
   ],
   "72": [
      -4.383609724211337,
      15.455737174649085
   ],
   "73": [
      23.226915938651963,
      19.645398901330076
   ],
   "17": [
      5.474697722479811,
      11.269164044876863
   ],
   "18": [
      -0.6469186035024528,
      16.711543507511276
   ],
   "19": [
      13.630779631381472,
      13.786516676117321
   ],
   "20": [
      5.016672452392632,
      -4.167198237904112
   ],
   "21": [
      1.140381513144393,
      19.526578870613385
   ],
   "22": [
      -9.413266634598248,
      3.4991702389787074
   ],
   "23": [
      -9.53686188481726,
      11.274133941767783
   ],
   "31": [
      4.053359112856918,
      -33.91281895023741
   ],
   "42": [
      11.916136599943702,
      12.84745621362464
   ],
   "43": [
      30.758603201829796,
      11.106343856625067
   ],
   "51": [
      23.379016668368497,
      37.866596462172886
   ],
   "40": [
      -11.825781349066764,
      25.621302998883845
   ],
   "41": [
      -23.39325588853292,
      -23.75441829862888
   ],
   "76": [
      -2.8641990263998056,
      -4.445296873752362
   ],
   "55": [
      24.01665454678641,
      22.551516618969835
   ],
   "46": [
      -49.85492591872774,
      16.244322024893783
   ],
   "53": [
      9.293628227106419,
      34.8922812401008
   ],
   "58": [
      -2.2375549471685887,
      9.390618240373133
   ],
   "63": [
      10.058977708292197,
      4.248194373771785
   ],
   "47": [
      -10.059596008593367,
      42.02911489993276
   ],
   "48": [
      -13.824090472004876,
      68.178742257673
   ],
   "60": [
      -0.3464384522604506,
      11.766556441853297
   ],
   "61": [
      -5.8849658520776345,
      -0.04721669048000257
   ],
   "62": [
      -4.028908830673032,
      3.5682675399838293
   ],
   "64": [
      3.3321407839730735,
      -4.38562943127583
   ],
   "66": [
      9.405220631594679,
      8.838513366612856
   ],
   "67": [
      10.857506547183027,
      -3.6309827722361234
   ],
   "74": [
      -13.773590338946697,
      -27.268950640613042
   ],
   "75": [
      -3.2357931336446324,
      -31.36259528723848
   ],
   "77": [
      20.920392621395678,
      3.5159585408462966
   ],
   "57": [
      -5.508154604046852,
      26.775889844010475
   ],
   "54": [
      -20.589268628629732,
      -15.984746363766636
   ],
   "68": [
      -34.14996983761685,
      2.288859991138458
   ]
}