{
   "1": [
      -0.37023286563096675,
      -70.33610751034938
   ],
   "2": [
      -4.29516119915189,
      -46.63584243294952
   ],
   "3": [
      -2.0686863097655173,
      -27.43331752442861
   ],
   "4": [
      -7.894621213773018,
      -25.66874088973754
   ],
   "5": [
      -16.064392800976858,
      -71.01760658939537
   ],
   "6": [
      9.773412635827965,
      -66.32107364113718
   ],
   "7": [
      -9.018526922182193,
      -70.15914441819842
   ],
   "8": [
      -21.150819461038814,
      -66.9255152085854
   ],
   "9": [
      -26.29352713805047,
      -61.82096662232413
   ],
   "10": [
      6.740475833621653,
      -72.95673478050793
   ],
   "11": [
      9.320480697358835,
      6.536351889530011
   ],
   "12": [
      -19.124473800997805,
      -12.81430328201031
   ],
   "13": [
      13.974370497276642,
      32.61353421535431
   ],
   "14": [
      -0.4226430950141335,
      41.654836495231706
   ],
   "15": [
      -10.699832158467816,
      35.841229578597975
   ],
   "16": [
      41.719723727504935,
      -5.87945516766799
   ],
   "24": [
      -0.6870181557937597,
      14.975297469751224
   ],
   "25": [
      19.80082028544532,
      6.2012940078535905
   ],
   "26": [
      12.019073079170477,
      12.074737032267645
   ],
   "27": [
      11.45943250692226,
      21.47103194067702
   ],
   "28": [
      5.812446454203085,
      6.893316937272024
   ],
   "29": [
      31.46828387695712,
      -14.307276716750225
   ],
   "30": [
      17.173713163514524,
      19.66760608770722
   ],
   "32": [
      24.06293043131964,
      2.3508640163971393
   ],
   "33": [
      10.630088933914418,
      42.342579465102396
   ],
   "34": [
      -16.996317582136633,
      0.08669613217382618
   ],
   "35": [
      28.76573598565656,
      19.115566521204705
   ],
   "36": [
      28.682055276682295,
      11.410282432214634
   ],
   "37": [
      25.42168489898676,
      22.462862851029104
   ],
   "38": [
      22.22893027936599,
      25.440174221966423
   ],
   "39": [
      29.36923489990943,
      15.188722682195664
   ],
   "44": [
      3.3052006216788032,
      28.4501991602029
   ],
   "45": [
      27.23715710361138,
      -21.035593966772474
   ],
   "49": [
      -6.819250165906168,
      -7.006569313420413
   ],
   "50": [
      28.79775177694615,
      25.305286510063514
   ],
   "52": [
      32.604968751280644,
      26.327824943739905
   ],
   "56": [
      10.307039501349788,
      13.490421510772403
   ],
   "59": [
      0.46958459072178815,
      -0.5602916316927463
   ],
   "65": [
      6.929654261785182,
      -3.961223329579156
   ],
   "69": [
      6.794375030044582,
      -6.569127049445864
   ],
   "70": [
      -0.7066473362391529,
      5.880977846878034
   ],
   "71": [
      11.5042329691204,
      -1.7712664679126178
   ],
   "72": [
      -4.272473618498724,
      0.6491020641680327
   ],
   "73": [
      -4.106095509851718,
      25.88975681427569
   ],
   "17": [
      -22.96479822814364,
      10.24980173773259
   ],
   "18": [
      -14.38693119205118,
      16.25708516377276
   ],
   "19": [
      -26.608698748158226,
      21.28752442979789
   ],
   "20": [
      -25.02079158474,
      16.760918552674084
   ],
   "21": [
      -29.085232714440796,
      14.987882243032958
   ],
   "22": [
      -27.054691178442184,
      10.346357042110254
   ],
   "23": [
      -22.18050453815013,
      21.52933695225937
   ],
   "31": [
      34.80164092753204,
      6.502842733252876
   ],
   "42": [
      12.970295448695783,
      3.3542553932842307
   ],
   "43": [
      29.812763706349852,
      -4.639441254717272
   ],
   "51": [
      47.51608461772672,
      18.8214477317385
   ],
   "40": [
      6.075322451604256,
      36.691535482127655
   ],
   "41": [
      29.21271015753852,
      42.8957369468286
   ],
   "76": [
      -6.245764581831209,
      4.099201356638221
   ],
   "55": [
      35.260216905530726,
      19.24498791370065
   ],
   "46": [
      55.70415493902645,
      -30.517878523409856
   ],
   "53": [
      22.240777741511632,
      50.190246117060454
   ],
   "58": [
      -2.546880646019451,
      12.584686987728176
   ],
   "63": [
      7.375634471208347,
      0.11568301392620353
   ],
   "47": [
      -9.914707731447063,
      -47.15757215523979
   ],
   "48": [
      -8.304176697842275,
      -76.52023847737544
   ],
   "60": [
      1.7005920265859673,
      -5.439172397161517
   ],
   "61": [
      -1.154095488145214,
      2.21340046864824
   ],
   "62": [
      -0.5629793070783721,
      7.570165688479007
   ],
   "64": [
      -2.5950663625875268,
      -4.067263922564331
   ],
   "66": [
      3.6673095540335807,
      -1.7068472700410868
   ],
   "67": [
      -0.9213804783929358,
      -10.410966039009
   ],
   "74": [
      -35.130206926966075,
      -20.387173053223076
   ],
   "75": [
      -37.97376771992271,
      -13.759211404618382
   ],
   "77": [
      6.7645722881540165,
      -15.042897722359747
   ],
   "57": [
      33.18160460511266,
      36.432417715074386
   ],
   "54": [
      60.67405880877707,
      35.6099912315961
   ],
   "68": [
      -17.2519766722842,
      42.270301312894375
   ]
}