{
   "n28": [
      42.31956069709822,
      54.35024782825636
   ],
   "n29": [
      49.86148321722604,
      67.67992194500974
   ],
   "n90": [
      54.50195069754139,
      38.731416111119614
   ],
   "n91": [
      57.22716327024667,
      45.15361822991405
   ],
   "n92": [
      57.22951501552682,
      43.04385672434193
   ],
   "n111": [
      55.21337276369957,
      46.86821245129993
   ],
   "n112": [
      52.638035604610764,
      36.87572929200376
   ],
   "n113": [
      47.78835699581979,
      48.752806397728925
   ],
   "n114": [
      65.20485115027273,
      49.80562604898658
   ],
   "n115": [
      58.27340416898616,
      42.74818591144343
   ],
   "n116": [
      54.288546699274654,
      42.870740571726046
   ],
   "n117": [
      50.564774576619264,
      40.99572432645828
   ],
   "n118": [
      66.74907377334766,
      42.72004739218624
   ],
   "n119": [
      60.91713080778727,
      38.776308733451486
   ],
   "n120": [
      44.590818735455144,
      44.395787049688664
   ],
   "n121": [
      51.10190256928241,
      58.745400741014194
   ],
   "n122": [
      42.668147484897254,
      56.88926420679758
   ],
   "n123": [
      49.5839408038739,
      54.684028857473294
   ],
   "n124": [
      46.83208825144246,
      57.82383443073516
   ],
   "n125": [
      53.3909766081884,
      66.74685292726319
   ],
   "n126": [
      53.09211396044116,
      65.97989539679327
   ],
   "n127": [
      60.51347977204926,
      59.670994914372486
   ],
   "n128": [
      57.86249591301643,
      63.4474032591018
   ],
   "n129": [
      53.23832194776469,
      55.4756625082987
   ],
   "n130": [
      57.39136425897545,
      57.99202117444777
   ],
   "n131": [
      50.6729101132952,
      58.28584033740048
   ],
   "n132": [
      46.884713375744,
      51.86561699399852
   ],
   "n133": [
      46.372234862936104,
      64.55849639995265
   ],
   "n134": [
      42.55748338282858,
      60.11959455360913
   ],
   "n135": [
      48.30273650965583,
      56.09766293581117
   ],
   "n136": [
      51.73031151914032,
      53.11155861166345
   ],
   "n225": [
      62.31410821313468,
      41.71035774000988
   ],
   "n226": [
      55.11586922022117,
      45.01035835861987
   ],
   "n227": [
      62.357272345671504,
      34.504901369150886
   ],
   "n228": [
      64.59761782691828,
      37.5615919134629
   ],
   "n229": [
      49.25252282852884,
      39.829341633923754
   ],
   "n230": [
      69.6520737217688,
      54.336011024317806
   ],
   "n231": [
      46.823353850848804,
      59.77064775576448
   ],
   "n232": [
      46.69564416417789,
      58.9375052032499
   ],
   "n233": [
      49.556038548002824,
      60.58263564760965
   ],
   "n234": [
      47.25670578304936,
      64.85286012765224
   ],
   "n235": [
      48.05627773290763,
      62.54715468160049
   ],
   "n236": [
      58.34005399458633,
      66.29989155484856
   ],
   "n237": [
      54.76177693662941,
      61.72359888472385
   ],
   "n238": [
      52.076468352115825,
      63.87226824183257
   ],
   "n239": [
      57.42384438962069,
      61.63942044600514
   ],
   "n240": [
      58.18918292949613,
      62.262471107161
   ],
   "n241": [
      48.12080915857126,
      57.30878113852192
   ],
   "n242": [
      46.52383970541063,
      58.13646082143567
   ],
   "n243": [
      50.25543975338048,
      56.43058818045152
   ],
   "n244": [
      48.08552069172599,
      56.66809126749245
   ],
   "n245": [
      48.00148573333202,
      58.187635416502644
   ],
   "n246": [
      44.318065898904365,
      56.85553636828963
   ],
   "n247": [
      48.512272698889845,
      50.72952133635756
   ],
   "n248": [
      48.02534684940217,
      50.14327016364253
   ]
}