{
   "n39": [
      58.052137686799696,
      39.153871275661956
   ],
   "n76": [
      48.143839111746644,
      31.490554212385124
   ],
   "n77": [
      61.57426371696556,
      29.68966759167065
   ],
   "n78": [
      49.26381882228289,
      43.59125424440373
   ],
   "n79": [
      53.50629738616998,
      37.79675990105281
   ],
   "n80": [
      52.41797360327537,
      39.129777705355515
   ],
   "n81": [
      52.655800812720315,
      31.274114804451266
   ],
   "n82": [
      55.000321583253935,
      33.15649049086842
   ],
   "n83": [
      59.78681874385767,
      36.604128517829515
   ],
   "n84": [
      46.41830354438267,
      31.21763408651613
   ],
   "n85": [
      46.83061946156577,
      31.858693649821728
   ],
   "n86": [
      43.02604111295065,
      40.34031662410466
   ],
   "n87": [
      50.75117601391973,
      31.86053214822701
   ],
   "n88": [
      58.04406940682326,
      29.75577091433886
   ],
   "n89": [
      61.36699036436137,
      34.235882008230085
   ],
   "n93": [
      50.2117299158894,
      41.44418630729263
   ],
   "n189": [
      48.548151332127254,
      37.58574616858118
   ],
   "n190": [
      51.58916055397288,
      32.15765478625586
   ],
   "n191": [
      52.42698328160316,
      32.73898291482586
   ],
   "n192": [
      49.83290196262574,
      36.838263142403534
   ],
   "n193": [
      57.930081078229286,
      30.579210875822103
   ],
   "n194": [
      58.56881746077414,
      41.948286277144405
   ],
   "n195": [
      43.021741637683135,
      37.68573716690058
   ],
   "n196": [
      52.70914543580994,
      35.371638277875
   ],
   "n197": [
      45.03095088271728,
      38.747131550616686
   ],
   "n198": [
      60.07538787584835,
      34.604960917826574
   ],
   "n199": [
      52.44408905862127,
      45.45918059510476
   ],
   "n200": [
      54.74916066315571,
      31.976462570752663
   ],
   "n201": [
      66.70586956980598,
      36.27100049792373
   ],
   "n202": [
      67.71049813986075,
      35.52721975924682
   ],
   "n203": [
      52.11464854161177,
      30.542869256735994
   ],
   "n204": [
      60.29624379697873,
      35.5294057564106
   ],
   "n205": [
      58.73231028683095,
      35.24296731210316
   ],
   "n206": [
      54.61605057654326,
      36.799709990456634
   ],
   "n207": [
      53.72506361263842,
      36.168290998864805
   ]
}