{
   "n94": [
      44.536472273128844,
      53.98972990372273
   ],
   "n95": [
      35.71008408688871,
      43.12111781511832
   ],
   "n96": [
      43.17534474644275,
      50.5047058675975
   ],
   "n97": [
      44.034006552419086,
      46.205280581537714
   ],
   "n98": [
      51.22177174523227,
      43.39855139901282
   ],
   "n99": [
      48.947188834104296,
      50.805602175350316
   ],
   "n100": [
      42.77549871750986,
      41.631871083493714
   ],
   "n101": [
      50.58937169200841,
      54.22382486627425
   ],
   "n102": [
      44.13581654636348,
      37.64417210441171
   ],
   "n103": [
      42.79587739911709,
      46.16543703541846
   ],
   "n104": [
      36.00779082896192,
      44.86774808427947
   ],
   "n105": [
      49.28141916233375,
      43.68393736382765
   ],
   "n107": [
      53.14441332493855,
      39.108470169018226
   ],
   "n108": [
      40.38061592395111,
      50.786427972462064
   ],
   "n109": [
      47.069499444642055,
      55.94123503503976
   ],
   "n110": [
      45.90359835073254,
      54.739833257999926
   ],
   "n208": [
      42.43662713100163,
      45.4473802327867
   ],
   "n209": [
      49.90928268795498,
      45.327666677948024
   ],
   "n210": [
      44.54727156321846,
      45.752493774094255
   ],
   "n211": [
      45.60687698339869,
      45.98490366950202
   ],
   "n212": [
      43.814035542398706,
      47.829779748442846
   ],
   "n213": [
      46.2590691346964,
      55.173038124500195
   ],
   "n214": [
      39.19293009217803,
      42.19635579300887
   ],
   "n215": [
      50.785536977409976,
      39.47197841376028
   ],
   "n216": [
      45.92692312643441,
      53.472270358786766
   ],
   "n217": [
      40.01622473985825,
      41.11915802516271
   ],
   "n218": [
      47.78656594941224,
      48.74690376347675
   ],
   "n219": [
      52.68584726415652,
      46.29994390366432
   ],
   "n220": [
      51.614515078067164,
      36.36373770583038
   ],
   "n221": [
      55.98569937692318,
      33.33018157920973
   ],
   "n222": [
      42.201698439009895,
      48.96387192387487
   ],
   "n223": [
      44.88313580346599,
      51.371628555686414
   ],
   "n224": [
      45.473989257357374,
      57.81395664509696
   ]
}