{
   "n2": [
      45.79483313628113,
      64.42054000948693
   ],
   "n3": [
      61.00758909763292,
      36.41938587698395
   ],
   "n4": [
      53.10018365128155,
      52.49057041430721
   ],
   "n5": [
      21.227836931685697,
      66.49715179294147
   ],
   "n6": [
      60.52303225977971,
      90.18809644177671
   ],
   "n7": [
      12.467373739696212,
      52.97884489083562
   ],
   "n8": [
      87.06081038032903,
      20.355059740818362
   ],
   "n9": [
      8.370152210165921,
      32.715614350894434
   ],
   "n10": [
      21.805256590121147,
      33.9114029270298
   ],
   "n12": [
      76.161985982975,
      4.351295012748773
   ],
   "n13": [
      37.473459235171816,
      79.74956240356805
   ],
   "n14": [
      43.548474515937436,
      50.31265057302589
   ],
   "n16": [
      32.30145941674072,
      68.02857592046544
   ],
   "n17": [
      83.21440128490507,
      40.64086958777307
   ],
   "n18": [
      62.60275744816475,
      23.674782446415715
   ],
   "n20": [
      41.326939329458476,
      53.06900026350248
   ],
   "n22": [
      39.307537467907395,
      46.49879837528814
   ],
   "n23": [
      70.70371549571122,
      10.854834103062416
   ],
   "n24": [
      85.38458413446362,
      34.48040283651361
   ],
   "n25": [
      71.40922177981672,
      29.09059844941105
   ],
   "n26": [
      95.70125842598713,
      53.963477721806136
   ],
   "n27": [
      72.25652437390617,
      30.808258026318622
   ],
   "n30": [
      34.52532865997887,
      25.06456777074409
   ]
}