{
   "n11": [
      46.50270901559037,
      52.64427227389817
   ],
   "n21": [
      49.19089314700986,
      71.08810308341106
   ],
   "n65": [
      44.281782810312116,
      43.34807240582073
   ],
   "n171": [
      51.09937831546103,
      55.16267883296806
   ],
   "n172": [
      47.56790409115692,
      45.01260037883395
   ],
   "n173": [
      42.6804943159881,
      45.47084777394944
   ],
   "n174": [
      46.397036932721186,
      63.02749698595777
   ]
}