{
   "n150": [
      68.70343091828705,
      51.15072444878555
   ],
   "n151": [
      70.23204366313486,
      55.721287895022044
   ],
   "n152": [
      64.93377841024227,
      48.321056555536266
   ],
   "n153": [
      71.04392559399317,
      60.685764627121834
   ],
   "n154": [
      33.171701764754665,
      49.52374367427953
   ],
   "n297": [
      37.45878667041622,
      31.4942294162962
   ],
   "n298": [
      1.992714649455429,
      95.50867804450434
   ],
   "n299": [
      59.41734685123699,
      96.16107673193588
   ],
   "n300": [
      9.427885324830704,
      2.8822040926079056
   ],
   "n301": [
      36.60048671651246,
      1.5638667484587552
   ],
   "n302": [
      67.96995869029784,
      56.65843532647382
   ],
   "n303": [
      69.0660795566917,
      58.283666783834015
   ],
   "n304": [
      74.3186769836964,
      51.4731010525308
   ],
   "n305": [
      71.82942057401505,
      49.62095855673639
   ],
   "n306": [
      72.90376142942256,
      50.5832477059347
   ],
   "n307": [
      74.62179000298939,
      50.30805042225537
   ],
   "n308": [
      73.73058144682562,
      49.35945736720006
   ],
   "n309": [
      72.69535000408571,
      48.40777316904752
   ],
   "n310": [
      71.88872788866784,
      51.77194955286838
   ],
   "n311": [
      73.13413878240041,
      53.77757108844032
   ],
   "n312": [
      74.32661785676083,
      52.95702005559787
   ],
   "n313": [
      71.76701587461609,
      53.45229359910963
   ],
   "n314": [
      73.16870169383026,
      52.1631446087636
   ],
   "n315": [
      68.69906374250783,
      53.91735766671521
   ],
   "n316": [
      62.86360885728632,
      44.40420017116718
   ],
   "n317": [
      62.94326031797196,
      47.008130578681524
   ],
   "n318": [
      65.63342585833023,
      46.09333554167382
   ],
   "n319": [
      65.62441288634598,
      44.53587299836969
   ],
   "n320": [
      64.17871376797211,
      44.933298592535294
   ],
   "n321": [
      61.35660017285133,
      48.26463684088913
   ],
   "n322": [
      62.811838331248794,
      48.961507465550774
   ],
   "n323": [
      61.152165678731514,
      46.53731132571146
   ],
   "n324": [
      62.37410664663037,
      45.6671555382984
   ],
   "n325": [
      73.18374642280489,
      63.51267243914666
   ],
   "n326": [
      70.15387160834528,
      64.14983424482625
   ],
   "n327": [
      74.38979474506961,
      62.80116806711794
   ],
   "n328": [
      71.49265538146437,
      65.03844592089952
   ],
   "n329": [
      71.6841019405524,
      63.235377539152736
   ],
   "n330": [
      73.10288341299687,
      64.92537686327742
   ],
   "n331": [
      35.19734471817508,
      51.160621408094755
   ],
   "n332": [
      36.66642648225972,
      50.62363336653159
   ],
   "n333": [
      35.2590060836592,
      49.198962614982705
   ],
   "n334": [
      36.40655815668778,
      48.64037105744301
   ]
}