{
   "n40": [
      36.70119241531031,
      40.763122657644715
   ],
   "n45": [
      63.45307328753326,
      56.06236648234259
   ],
   "n46": [
      59.54427578682176,
      50.07515773176115
   ],
   "n53": [
      29.328063588404685,
      39.89767096859568
   ],
   "n58": [
      66.28949334254564,
      55.386706856600185
   ],
   "n59": [
      64.91562609056533,
      50.28850349890839
   ],
   "n60": [
      60.429385124413955,
      59.19923716262011
   ],
   "n61": [
      50.322952884460065,
      51.16495419115317
   ],
   "n62": [
      64.68240371439042,
      63.61184268953405
   ],
   "n63": [
      58.36069268147269,
      58.46283131241885
   ],
   "n167": [
      63.470906875986564,
      47.473906139692694
   ],
   "n168": [
      62.721294943269136,
      46.65267696159388
   ],
   "n169": [
      59.43321960694949,
      52.710081050686895
   ],
   "n170": [
      59.20968743566477,
      53.57268391465302
   ]
}