{
   "n67": [
      35.55808990156514,
      69.65841515825255
   ],
   "n68": [
      42.02444748301222,
      51.24765698176849
   ],
   "n69": [
      39.80915518337632,
      58.31769405805618
   ],
   "n70": [
      13.530121972108317,
      39.8675179017683
   ],
   "n71": [
      17.249667846922716,
      37.798385753551266
   ],
   "n72": [
      19.244073730200068,
      46.495081863664296
   ],
   "n73": [
      17.303012610610043,
      42.92013989125403
   ],
   "n74": [
      59.934624519786034,
      33.76032862530542
   ],
   "n75": [
      47.73474216350867,
      43.74186383930612
   ],
   "n175": [
      79.18213473971836,
      68.27865138714735
   ],
   "n176": [
      70.07999265399897,
      26.895415982559324
   ],
   "n177": [
      25.539186426101942,
      75.58313502945987
   ],
   "n178": [
      60.157923960024576,
      10.61234620084728
   ],
   "n179": [
      8.436392272754741,
      51.97858380616255
   ],
   "n180": [
      46.919962804190554,
      16.155211718639972
   ],
   "n181": [
      37.267137213633525,
      65.21374243709091
   ],
   "n182": [
      42.90537757822686,
      46.68138624861013
   ],
   "n183": [
      15.520494803564622,
      40.15921141953705
   ],
   "n184": [
      13.92718061197026,
      36.42754428726794
   ],
   "n185": [
      16.408820017013905,
      39.496318379846656
   ],
   "n186": [
      59.62929255363912,
      31.413370041539043
   ],
   "n187": [
      54.58127530249163,
      37.5096806384532
   ],
   "n188": [
      55.23764736921272,
      38.38445460818677
   ]
}