{
   "n15": [
      22.604578842759103,
      34.13802377524693
   ],
   "n19": [
      30.097790748889125,
      28.203508485420357
   ],
   "n31": [
      41.82453329197526,
      20.748960470318497
   ],
   "n32": [
      35.45951016142913,
      43.127908004987795
   ],
   "n33": [
      67.57878193221377,
      57.61862713034698
   ],
   "n34": [
      60.93265518141995,
      54.38222568087896
   ],
   "n35": [
      40.50258812391313,
      47.05281856219674
   ],
   "n36": [
      33.96814497501792,
      36.58010716808018
   ],
   "n37": [
      23.967550218753676,
      37.15039608685984
   ],
   "n38": [
      28.875745434109646,
      37.60739726778667
   ],
   "n41": [
      52.12293920798432,
      46.79007950981068
   ],
   "n42": [
      47.6526862779366,
      46.45724177380124
   ],
   "n43": [
      42.096249200789444,
      43.26735977290106
   ],
   "n44": [
      45.66507336805171,
      44.07410690911343
   ],
   "n47": [
      22.690834578345008,
      37.04481677079759
   ],
   "n48": [
      26.9953584219762,
      32.415921623195906
   ],
   "n49": [
      44.703076600352176,
      20.361913613262796
   ],
   "n50": [
      42.753884543161085,
      26.025054371062815
   ],
   "n51": [
      44.371354087086885,
      23.89923551152358
   ],
   "n52": [
      39.830580348826864,
      22.83709668217567
   ],
   "n54": [
      35.7933095359716,
      22.666082165445726
   ],
   "n55": [
      72.91734752929618,
      59.42842123907025
   ],
   "n56": [
      70.53443421740405,
      56.72179827080011
   ],
   "n57": [
      36.2157382056065,
      39.75476291155102
   ],
   "n155": [
      31.158699808380703,
      42.371258036225335
   ],
   "n156": [
      36.37554650877619,
      38.30369132437521
   ],
   "n157": [
      31.959921994343276,
      41.94955090547871
   ],
   "n158": [
      51.45078698538242,
      49.11041650352679
   ],
   "n159": [
      50.554962128282966,
      49.3657534806838
   ],
   "n160": [
      50.511453545807434,
      50.04369511606958
   ],
   "n161": [
      45.12154521854694,
      22.315127555266972
   ],
   "n162": [
      44.13815903234856,
      18.931574339482896
   ],
   "n163": [
      36.55607625075147,
      26.59390112045739
   ],
   "n164": [
      36.051085402000844,
      35.084807638055445
   ],
   "n165": [
      33.69515921253864,
      35.70352881221399
   ],
   "n166": [
      38.395234159393844,
      23.597774546024723
   ]
}