{
   "n1": [
      57.13698124216175,
      36.4460615227476
   ],
   "n0": [
      58.05661445745419,
      26.208886172010494
   ]
}