{
   "n64": [
      58.32221393701904,
      51.90027470199816
   ],
   "n66": [
      53.35347160403035,
      56.81209988610431
   ],
   "n106": [
      38.03268244121986,
      48.28821504062573
   ],
   "n137": [
      40.51165177462018,
      54.47316722141063
   ],
   "n138": [
      46.496183574713335,
      53.37786319061163
   ],
   "n139": [
      54.98532513019517,
      57.85755118024811
   ],
   "n140": [
      53.39377013484157,
      62.480157319854065
   ],
   "n141": [
      64.15362798224264,
      58.20059009570887
   ],
   "n142": [
      44.26894648721884,
      53.42890393404987
   ],
   "n143": [
      51.562007645091334,
      54.18215814269962
   ],
   "n144": [
      61.54570300010996,
      50.941881018563734
   ],
   "n145": [
      62.135102106952125,
      45.174691013823505
   ],
   "n146": [
      66.78665194869681,
      41.406077827029925
   ],
   "n147": [
      54.60264738133421,
      58.8924676147695
   ],
   "n148": [
      49.56527290831097,
      49.8126864036036
   ],
   "n149": [
      55.10654794282051,
      45.444673030353044
   ],
   "n249": [
      46.80222341885218,
      57.941013254810656
   ],
   "n250": [
      58.759544152934836,
      60.74032273699332
   ],
   "n251": [
      58.835765945670175,
      59.335251233584096
   ],
   "n252": [
      57.23169476558344,
      59.57168765740195
   ],
   "n253": [
      54.85016660811537,
      67.02780137480097
   ],
   "n254": [
      66.48814490595994,
      61.18894635571529
   ],
   "n255": [
      58.96664613157396,
      62.43933537481294
   ],
   "n256": [
      63.866568594267264,
      50.92462706734263
   ],
   "n257": [
      49.69341865320823,
      57.7980971757696
   ],
   "n258": [
      59.20494755731867,
      57.23776023544629
   ],
   "n259": [
      34.69726071101318,
      55.61588939145705
   ],
   "n260": [
      34.880257435545055,
      54.031858690606775
   ],
   "n261": [
      35.77804087146335,
      57.684412627682455
   ],
   "n262": [
      36.329562247804546,
      56.48169911421857
   ],
   "n263": [
      40.16548553936802,
      51.85690677750619
   ],
   "n264": [
      45.29587179855241,
      58.79079791979052
   ],
   "n265": [
      37.55804205145368,
      53.433917631774975
   ],
   "n266": [
      32.26266469047705,
      46.64062460168504
   ],
   "n267": [
      46.18458504143989,
      50.78285890629247
   ],
   "n268": [
      34.13270751570076,
      50.274752370708065
   ],
   "n269": [
      50.30166537880183,
      53.3723585056065
   ],
   "n270": [
      63.3710806747658,
      47.37573253701626
   ],
   "n271": [
      59.679079165788416,
      43.72066591850295
   ],
   "n272": [
      65.07822379059519,
      47.57817338214058
   ],
   "n273": [
      61.90394983323567,
      53.21233766331143
   ],
   "n274": [
      60.2909374142129,
      49.5453192978225
   ],
   "n275": [
      64.33392223454847,
      48.81512455296888
   ],
   "n276": [
      55.94219288112438,
      54.459995453429855
   ],
   "n277": [
      66.2589081224746,
      55.14520803941717
   ],
   "n278": [
      49.47759944352528,
      51.3115172944146
   ],
   "n279": [
      56.84737879608674,
      53.2623999591505
   ],
   "n280": [
      64.75542481581608,
      40.125818393360944
   ],
   "n281": [
      64.57606025623403,
      44.747270134026365
   ],
   "n282": [
      62.2440815986546,
      48.23826794253901
   ],
   "n283": [
      66.42918252660643,
      46.37956749220047
   ],
   "n284": [
      58.186951382807386,
      54.501876234355024
   ],
   "n285": [
      64.19583876581373,
      53.09748256124122
   ],
   "n286": [
      65.83954786790119,
      52.04236328745485
   ],
   "n287": [
      57.90962781702469,
      55.758899788987506
   ],
   "n288": [
      60.68289224065735,
      51.498450222964195
   ],
   "n289": [
      54.86693058903331,
      54.28187631403911
   ],
   "n290": [
      56.93446203418743,
      40.765825892196126
   ],
   "n291": [
      53.96536032487825,
      42.77917594691743
   ],
   "n292": [
      54.546779819922335,
      41.36489675683274
   ],
   "n293": [
      53.986006229786945,
      53.96394695837045
   ],
   "n294": [
      56.86043847658839,
      51.45413760960791
   ],
   "n295": [
      56.14738010857975,
      46.224366524094236
   ],
   "n296": [
      55.26567399865192,
      40.37492191362047
   ]
}